<?xml version='1.0' encoding='utf-8'?>
<Model Name="Case linear optimum vicinity" PFM_XML_Version="2.0">
  <DecisionMaker Name="Default User" Type="2" Hash="">
    <Comment />
  </DecisionMaker>
  <Alternative Name="RefA1" Type="1">
    <Comment />
  </Alternative>
  <Alternative Name="RefA2" Type="1">
    <Comment />
  </Alternative>
  <Alternative Name="A1" Type="0">
    <Comment />
      </Alternative>
  <Alternative Name="A2" Type="0">
    <Comment />
      </Alternative>
  <Alternative Name="A3" Type="0">
    <Comment />
      </Alternative>
  <Alternative Name="A4" Type="0">
    <Comment />
      </Alternative>
  <Alternative Name="A5" Type="0">
    <Comment />
      </Alternative>
  <Criterion Name="Criteria" IsPreferenceIncreasing="1">
    <Comment />
    <Criterion Name="C1" IsPreferenceIncreasing="1">
      <Comment />
      <Measurement Name="Ratings" Type="0" DecisionMaker="Default User" SubType="0">
        <Comment />
      <RulerValue Name="A1" Value="100.0" />
        <RulerValue Name="A2" Value="0.0" />
        <RulerValue Name="A3" Value="0.0" />
        <RulerValue Name="A4" Value="0.0" />
        <RulerValue Name="A5" Value="100.0" />
      </Measurement>
    </Criterion>
    <Criterion Name="C2" IsPreferenceIncreasing="1">
      <Comment />
      <Measurement Name="Ratings" Type="0" DecisionMaker="Default User" SubType="0">
        <Comment />
      <RulerValue Name="A1" Value="0.7142326856287451" />
        <RulerValue Name="A2" Value="100.0" />
        <RulerValue Name="A3" Value="100.0" />
        <RulerValue Name="A4" Value="100.0" />
        <RulerValue Name="A5" Value="93.95206319158329" />
      </Measurement>
    </Criterion>
    <Criterion Name="C3" IsPreferenceIncreasing="1">
      <Comment />
      <Measurement Name="Ratings" Type="0" DecisionMaker="Default User" SubType="0">
        <Comment />
      <RulerValue Name="A1" Value="0.6408006056429398" />
        <RulerValue Name="A2" Value="99.98778202361241" />
        <RulerValue Name="A3" Value="99.98778202361241" />
        <RulerValue Name="A4" Value="99.98778202361241" />
        <RulerValue Name="A5" Value="94.07063121882769" />
      </Measurement>
    </Criterion>
    <Criterion Name="C4" IsPreferenceIncreasing="1">
      <Comment />
      <Measurement Name="Ratings" Type="0" DecisionMaker="Default User" SubType="0">
        <Comment />
      <RulerValue Name="A1" Value="4.980937499999998" />
        <RulerValue Name="A2" Value="99.93331841163057" />
        <RulerValue Name="A3" Value="99.93331841163057" />
        <RulerValue Name="A4" Value="99.93331841163057" />
        <RulerValue Name="A5" Value="87.53126674039987" />
      </Measurement>
    </Criterion>
    <Measurement Name="Criteria Weights" Type="1" DecisionMaker="Default User" SubType="0">
      <Comment />
      <RulerValue Name="C1" Value="0.15" />
      <RulerValue Name="C2" Value="0.55" />
      <RulerValue Name="C3" Value="0.15" />
      <RulerValue Name="C4" Value="0.15" />
    </Measurement>
  </Criterion>
</Model>
